id_municipio,id_estacao,estacao,data_fundacao,geolocalizacao,altitude
1301159,A101,MANAUS,2000-05-09,POINT(-3.10333333 -60.01638888),61.25
2927408,A401,SALVADOR,2000-05-13,POINT(-13.00555555 -38.50583333),47.56
3305554,A601,SEROPEDICA-ECOLOGIA AGRICOLA,2000-05-24,POINT(-22.75777777 -43.68472221),35
4314902,A801,PORTO ALEGRE - JARDIM BOTANICO,2000-09-22,POINT(-30.05361111 -51.17472221),41.18
5213806,A003,MORRINHOS,2001-05-25,POINT(-17.74499999 -49.10166666),751.09
5208707,A002,GOIANIA,2001-05-29,POINT(-16.64277777 -49.22027777),727.3
5218003,A005,PORANGATU,2001-06-04,POINT(-13.30944444 -49.11749999),365
3506003,A705,BAURU,2001-08-30,POINT(-22.35805555 -49.02888888),636.17
5007802,A704,TRES LAGOAS,2001-09-03,POINT(-20.79499999 -51.71333333),328.94
5006606,A703,PONTA PORA,2001-09-07,POINT(-22.5525 -55.71638888),668
5008008,A702,CAMPO GRANDE,2001-09-10,POINT(-20.44722221 -54.72249999),528.47
4315602,A802,RIO GRANDE,2001-11-16,POINT(-32.07888888 -52.16777777),4.92
4317103,A804,SANTANA DO LIVRAMENTO,2001-11-22,POINT(-30.75055555 -55.40138888),196
4316907,A803,SANTA MARIA,2001-11-26,POINT(-29.72499999 -53.72055554),105
4317806,A805,SANTO AUGUSTO,2001-12-05,POINT(-27.85444444 -53.7911111),489.67
2907400,A402,BARREIRAS,2001-12-20,POINT(-12.12472221 -45.02694443),474.17
3509700,A706,CAMPOS DO JORDAO,2002-03-13,POINT(-22.75027777 -45.60388888),1662.95
2903201,A404,LUIS EDUARDO MAGALHAES,2002-04-18,POINT(-12.08499999 -45.70527777),748
3301702,A603,DUQUE DE CAXIAS - XEREM,2002-10-21,POINT(-22.58972221 -43.28222221),22
3304557,A602,RIO DE JANEIRO-MARAMBAIA,2002-11-08,POINT(-23.05027777 -43.59555555),12
3300902,A604,CAMBUCI,2002-11-20,POINT(-21.58749999 -41.95833333),46
3105608,A502,BARBACENA,2002-12-05,POINT(-21.22833332 -43.76777777),1168.76
5103403,A901,CUIABA,2002-12-08,POINT(-15.60694444 -56.06083333),184
5106232,A902,TANGARA DA SERRA,2002-12-11,POINT(-14.65 -57.43166666),440.01
3516200,A708,FRANCA,2002-12-12,POINT(-20.58444444 -47.38249999),1002.74
5102637,A905,CAMPO NOVO DOS PARECIS,2002-12-13,POINT(-13.78583333 -57.8386111),525.41
3101706,A508,ALMENARA,2002-12-15,POINT(-16.16666666 -40.68777777),189.11
5107925,A904,SORRISO,2002-12-16,POINT(-12.555 -55.72277777),379.31
3170206,A507,UBERLANDIA,2002-12-18,POINT(-18.91694443 -48.25555555),874.77
3104007,A505,ARAXA,2002-12-19,POINT(-19.60583333 -46.94972221),1018.32
3143302,A506,MONTES CLAROS,2002-12-19,POINT(-16.68638888 -43.84388888),645.87
5104104,A906,GUARANTA DO NORTE,2002-12-20,POINT(-9.9525 -54.89777777),283.58
2900801,A405,CARAVELAS,2002-12-20,POINT(-17.73944444 -39.25861111),6.05
2909802,A406,CRUZ DAS ALMAS,2003-01-19,POINT(-12.67555554 -39.08944444),219.76
1500800,A201,BELEM,2003-01-20,POINT(-1.41111111 -48.43944444),21.17
4216602,A806,FLORIANOPOLIS,2003-01-22,POINT(-27.6025 -48.61999999),4.87
1502400,A202,CASTANHAL,2003-01-24,POINT(-1.30083333 -47.94805555),47.13
2913606,A410,ILHEUS,2003-01-25,POINT(-14.65888888 -39.18138888),80.21
4106902,A807,CURITIBA,2003-01-28,POINT(-25.4486111 -49.23055554),922.91
2107506,A203,SAO LUIS,2003-01-29,POINT(-2.52666666 -44.21361111),54.8
2914703,A408,ITABERABA,2003-01-29,POINT(-12.52416666 -40.29972221),250.11
2919603,A412,MACAJUBA,2003-02-03,POINT(-12.13166666 -40.35416666),360
3501301,A707,PRESIDENTE PRUDENTE,2003-02-04,POINT(-22.11999999 -51.40861111),431.92
2207702,A308,PARNAIBA,2003-02-06,POINT(-3.08666666 -41.78305554),52.11
5004700,A709,IVINHEMA,2003-02-08,POINT(-22.30055555 -53.82277777),377.36
2916906,A407,ITIRUCU,2003-02-09,POINT(-13.52777777 -40.11972221),757.42
2312908,A306,SOBRAL,2003-02-12,POINT(-3.74805555 -40.34583333),92.07
2800308,A409,ARACAJU,2003-02-12,POINT(-10.9525 -37.05444444),3.72
2304400,A305,FORTALEZA,2003-02-18,POINT(-3.81583333 -38.53777777),29.55
2611101,A307,PETROLINA,2003-02-21,POINT(-9.38833333 -40.52333332),372.72
2408102,A304,NATAL,2003-02-24,POINT(-5.83722221 -35.20805555),47.46
5107305,A903,S.J. DO RIO CLARO,2003-02-25,POINT(-13.45388888 -56.67722221),339.59
2704302,A303,MACEIO,2003-02-25,POINT(-9.55111111 -35.77027777),84.12
5107602,A907,RONDONOPOLIS,2003-11-17,POINT(-16.4625 -54.58027777),289.88
2501104,A310,AREIA,2004-11-16,POINT(-6.97555554 -35.71805554),573.45
2203909,A311,FLORIANO,2004-11-18,POINT(-6.76138888 -43.00333333),126.39
2601201,A309,ARCO VERDE,2004-11-20,POINT(-8.4336111 -37.05555555),683.95
2211001,A312,TERESINA,2004-11-24,POINT(-5.03472221 -42.80138888),75.23
1721000,A009,PALMAS,2004-12-17,POINT(-10.14777777 -48.31444444),267
3110509,A509,MONTE VERDE,2004-12-19,POINT(-22.86166666 -46.04333333),1544.89
1716208,A010,PARANA,2005-03-04,POINT(-12.615 -47.87194443),284.96
3171303,A510,VICOSA,2005-09-15,POINT(-20.7625 -42.86388888),697.64
3168705,A511,TIMOTEO,2006-02-22,POINT(-19.57388888 -42.62249999),493.42
3134202,A512,ITUIUTABA,2006-05-12,POINT(-18.95277777 -49.52499999),540.08
3157336,A514,SAO JOAO DEL REI,2006-06-09,POINT(-21.10638888 -44.25083333),929.88
4302808,A812,CACAPAVA DO SUL,2006-06-22,POINT(-30.54527777 -53.46694443),420.82
4215109,A817,INDAIAL,2006-07-02,POINT(-26.91361111 -49.26805554),72.24
4104659,A819,CASTRO,2006-07-09,POINT(-24.77999999 -50.04638888),1016
4111407,A818,IVAI,2006-07-11,POINT(-25.01083333 -50.85388888),803.58
3170701,A515,VARGINHA,2006-07-13,POINT(-21.56638888 -45.40416666),949.78
3133402,A519,CAMPINA VERDE,2006-07-15,POINT(-19.53916666 -49.51805554),559.07
5220405,A011,SAO SIMAO,2006-07-15,POINT(-18.96916666 -50.63333333),492.45
3147907,A516,PASSOS,2006-07-16,POINT(-20.74527777 -46.63388888),781.7
3100708,A520,CONCEICAO DAS ALAGOAS,2006-07-18,POINT(-19.98583333 -48.15166666),572.54
3520301,A712,IGUAPE,2006-07-20,POINT(-24.67166666 -47.54583333),2.7
3522406,A714,ITAPEVA,2006-07-25,POINT(-23.98194443 -48.88583333),743.33
3548807,A701,SAO PAULO - MIRANTE,2006-07-25,POINT(-23.4962888 -46.6200666),785.64
3145901,A513,OURO BRANCO,2006-07-28,POINT(-20.55666666 -43.75611111),1048.2
5003207,A717,NHUMIRIM,2006-08-02,POINT(-18.9886111 -56.62277777),102.26
3550209,A715,SAO MIGUEL ARCANJO,2006-08-15,POINT(-23.89083333 -47.99916666),710
3119955,A524,FORMIGA,2006-08-17,POINT(-20.455 -45.45388888),878.14
3156908,A525,SACRAMENTO,2006-08-19,POINT(-19.87527777 -47.43416666),913.12
3166709,A522,SERRA DOS AIMORES,2006-08-21,POINT(-17.79888888 -40.25),211.97
3521002,A713,IPERO,2006-08-22,POINT(-23.4261111 -47.58555555),609.33
3148103,A523,PATROCINIO,2006-08-22,POINT(-18.99666666 -46.98583333),978.11
3161700,A528,TRES MARIAS,2006-08-25,POINT(-18.20083333 -45.45972222),931.01
3168606,A527,TEOFILO OTONI,2006-08-25,POINT(-17.89277777 -41.51555555),467.17
3534708,A716,OURINHOS,2006-08-29,POINT(-23.00055555 -49.84333333),500
3143906,A517,MURIAE,2006-08-30,POINT(-21.105 -42.37583332),282.79
3542206,A718,RANCHARIA,2006-09-01,POINT(-22.37277777 -50.97472221),398.75
3548906,A711,SAO CARLOS,2006-09-04,POINT(-21.98027777 -47.88388888),859.29
3527108,A727,LINS,2006-09-20,POINT(-21.66611111 -49.73472221),460.65
3504503,A725,AVARE,2006-09-22,POINT(-23.10166666 -48.9411111),776.36
3304524,A608,MACAE,2006-09-22,POINT(-22.3761111 -41.81194444),28
3300258,A606,ARRAIAL DO CABO,2006-09-22,POINT(-22.97527777 -42.02138888),5
3301009,A607,CAMPOS DOS GOYTACAZES,2006-09-25,POINT(-21.71472222 -41.34388888),17
3521408,A726,PIRACICABA,2006-09-26,POINT(-22.70305555 -47.62333332),566.46
3306206,A611,VALENCA,2006-09-27,POINT(-22.35805555 -43.69555555),370
4311759,A826,ALEGRETE,2006-09-28,POINT(-29.70916666 -55.52555554),121
4322400,A809,URUGUAIANA,2006-09-28,POINT(-29.83999999 -57.08194443),74.29
3304201,A609,RESENDE,2006-09-29,POINT(-22.45138888 -44.44499999),438.83
4315701,A813,RIO PARDO,2006-09-30,POINT(-29.87222221 -52.38194443),106.99
4110201,A823,INACIO MARTINS,2006-10-16,POINT(-25.56777777 -51.07805554),1208.85
5003702,A721,DOURADOS,2006-10-18,POINT(-22.19388888 -54.91138888),463.3
4108601,A825,GOIOERE,2006-10-19,POINT(-24.18388888 -53.04888888),481
5215231,A012,LUZIANIA,2006-10-21,POINT(-16.26055555 -47.96694443),1000.82
3303906,A610,PICO DO COUTO,2006-10-22,POINT(-22.46472222 -43.29138888),1777
5108956,A910,APIACAS,2006-10-24,POINT(-9.56333333 -57.3936111),217.75
5006903,A723,PORTO MURTINHO,2006-10-24,POINT(-21.70583333 -57.88666666),78.56
3204906,A616,SAO MATEUS,2006-10-25,POINT(-18.6761111 -39.86416666),28.66
3200201,A617,ALEGRE,2006-10-25,POINT(-20.75055555 -41.48888888),138
5005202,A724,CORUMBA,2006-10-26,POINT(-18.99666666 -57.63749999),111.73
4318622,A829,SAO JOSE DOS AUSENTES,2006-10-26,POINT(-28.7486111 -50.05777777),1228.59
3203205,A614,LINHARES,2006-10-27,POINT(-19.35694444 -40.0686111),40
5107909,A917,SINOP,2006-10-29,POINT(-11.98222221 -55.56611111),366.57
3201308,A612,VITORIA,2006-10-31,POINT(-20.27083332 -40.30583333),9
5000708,A719,AQUIDAUANA,2006-11-01,POINT(-20.47555554 -55.78388888),151.35
3301850,A618,TERESOPOLIS-PARQUE NACIONAL,2006-11-01,POINT(-22.4486111 -42.98694444),981
5002159,A722,MIRANDA,2006-11-02,POINT(-20.39555555 -56.43166666),132.49
5106273,A914,JUARA,2006-11-02,POINT(-11.28027777 -57.52666666),263.43
5003306,A720,COXIM,2006-11-06,POINT(-18.51222222 -54.7361111),251.48
5006309,A710,PARANAIBA,2006-11-10,POINT(-19.69555555 -51.18166666),408.06
4317202,A810,SANTA ROSA,2006-11-15,POINT(-27.84805555 -54.45222222),329
4109906,A824,ICARAIMA,2006-11-16,POINT(-23.39027777 -53.63583333),381.29
4120853,A820,MAL. CANDIDO RONDON,2006-11-18,POINT(-24.53333333 -54.01916666),392.07
3303807,A619,PARATY,2006-11-19,POINT(-23.2236111 -44.72694443),3
5102678,A912,CAMPO VERDE,2006-11-21,POINT(-15.55888888 -55.17944443),747
4115200,A835,MARINGA,2006-11-21,POINT(-23.40527777 -51.93277777),548.51
4120705,A821,JOAQUIM TAVORA,2006-11-23,POINT(-23.50527777 -49.94638888),512.67
5102850,A920,JUINA,2006-11-24,POINT(-11.37499999 -58.77472221),365.39
4307005,A828,ERECHIM,2006-11-25,POINT(-27.65777777 -52.30583333),777.08
4314100,A839,PASSO FUNDO,2006-11-27,POINT(-28.22666666 -52.40361111),680.67
5103304,A913,COMODORO,2006-11-28,POINT(-13.70805555 -59.7625),576.87
3110301,A530,CALDAS,2006-11-28,POINT(-21.91805554 -46.38305554),1077.34
4302105,A840,BENTO GONCALVES,2006-12-01,POINT(-29.16444444 -51.53416666),639
3139904,A531,MARIA DA FE,2006-12-01,POINT(-22.31444444 -45.37305554),1281.43
1716604,A018,PEIXE,2006-12-01,POINT(-12.01527777 -48.54444444),250.87
5105507,A922,VILA BELA DA SANTISSIMA TRINDADE,2006-12-01,POINT(-15.06277777 -59.87305554),213
4303509,A838,CAMAQUA,2006-12-12,POINT(-30.80805555 -51.83416666),92.3
5005400,A731,MARACAJU,2006-12-15,POINT(-21.60916666 -55.17749999),388.94
5100201,A908,AGUA BOA,2006-12-16,POINT(-14.01638888 -52.21166666),440
3120904,A538,CURVELO,2006-12-18,POINT(-18.74777777 -44.45388888),669.48
5007695,A732,SAO GABRIEL DO OESTE,2006-12-18,POINT(-19.42027777 -54.55305555),646
3554102,A728,TAUBATE,2006-12-20,POINT(-23.04166666 -45.52083332),582.26
5002951,A730,CHAPADAO DO SUL,2006-12-20,POINT(-18.80222222 -52.6025),820.82
1709500,A019,GURUPI,2006-12-20,POINT(-11.74499999 -49.05166666),274
4117271,A822,NOVA TEBAS,2006-12-21,POINT(-24.43388888 -51.95388888),660
2504009,A313,CAMPINA GRANDE,2006-12-22,POINT(-7.22555554 -35.90472222),546.17
4301602,A827,BAGE,2007-01-04,POINT(-31.34777777 -54.01333333),226.19
2407203,A317,MACAU,2007-01-06,POINT(-5.15111111 -36.57305554),17.37
2402006,A316,CAICO,2007-01-07,POINT(-6.46749999 -37.08499999),171.26
4311007,A836,JAGUARAO,2007-01-09,POINT(-32.53472221 -53.37583332),31.48
1721257,A020,PEDRO AFONSO,2007-01-23,POINT(-8.9686111 -48.17722221),189.71
4304507,A811,CANGUCU,2007-01-24,POINT(-31.40333333 -52.70083333),446.81
1703883,A021,ARAGUAINA,2007-01-26,POINT(-7.10388888 -48.20111111),230.76
5214861,A015,ITAPACI,2007-02-03,POINT(-14.97972221 -49.53944444),551
4117008,A842,NOVA FATIMA,2007-02-08,POINT(-23.41527777 -50.57777777),664.31
4311304,A844,LAGOA VERMELHA,2007-03-02,POINT(-28.22249999 -51.51277777),833.83
4107207,A843,DOIS VIZINHOS,2007-03-29,POINT(-25.69916666 -53.09527777),545.95
3303203,A621,RIO DE JANEIRO - VILA MILITAR,2007-04-13,POINT(-22.86138888 -43.41138888),30.43
5218300,A017,POSSE,2007-04-18,POINT(-14.08916666 -46.36638888),830
5218805,A025,RIO VERDE,2007-05-17,POINT(-17.78527777 -50.965),780.11
3303302,A652,RIO DE JANEIRO - FORTE DE COPACABANA,2007-05-18,POINT(-22.98833333 -43.19055555),25.59
5204409,A023,CAIAPONIA,2007-05-21,POINT(-16.96694443 -51.81749999),740.1
2411056,A318,MOSSORO,2007-05-22,POINT(-4.90416666 -37.36694443),29.44
5100250,A924,ALTA FLORESTA,2007-05-23,POINT(-10.07722221 -56.17916666),291.85
2803005,A417,ITABAIANINHA,2007-05-23,POINT(-11.27249999 -37.79499999),204.8
5211909,A016,JATAI,2007-05-23,POINT(-17.9236111 -51.71749999),670.08
3113404,A554,CARATINGA,2007-05-24,POINT(-19.73583333 -42.13722221),609.25
3136702,A518,JUIZ DE FORA,2007-05-26,POINT(-21.76999999 -43.36444444),936.88
2305100,A314,GUARAMIRANGA,2007-05-26,POINT(-4.22916666 -38.95888888),865.53
2910800,A413,FEIRA DE SANTANA,2007-05-26,POINT(-12.1961111 -38.96749999),229.64
3127701,A532,GOVERNADOR VALADARES,2007-05-27,POINT(-18.83027777 -41.97694443),198.24
2928406,A415,SANTA RITA DE CASSIA,2007-05-28,POINT(-11.00333333 -44.53638888),450
5103379,A919,COTRIGUACU,2007-05-28,POINT(-9.90638888 -58.57222221),265
3147600,A529,PASSA QUATRO,2007-05-30,POINT(-22.39583333 -44.96194444),1017.1
2305506,A319,IGUATU,2007-05-30,POINT(-6.39638888 -39.26888888),221.56
4306106,A853,CRUZ ALTA,2007-05-31,POINT(-28.60333333 -53.6736111),426.69
2308401,A315,BARBALHA,2007-05-31,POINT(-7.30083333 -39.2711111),409.41
3123205,A536,DORES DO INDAIA,2007-06-01,POINT(-19.48194443 -45.59388888),721.09
2933307,A414,VITORIA DA CONQUISTA,2007-06-01,POINT(-14.88638888 -40.80138888),879.38
5222302,A022,GOIANESIA,2007-06-02,POINT(-15.22027777 -48.98999999),667.01
3128006,A533,GUANHAES,2007-06-02,POINT(-18.78694444 -42.94305555),852.68
5200605,A024,ALTO PARAISO DE GOIAS,2007-06-04,POINT(-14.13305554 -47.52333332),1264.7
3121001,A537,DIAMANTINA,2007-06-05,POINT(-18.231052 -43.648269),1359.25
4208450,A851,ITAPOA,2007-06-06,POINT(-26.08138888 -48.64166666),6.18
5213509,A032,MONTE ALEGRE DE GOIAS,2007-06-07,POINT(-13.25361111 -46.89027777),552
3170404,A542,UNAI,2007-06-16,POINT(-16.55416666 -46.88194443),640.85
4218905,A845,BOM JARDIM DA SERRA - MORRO DA IGREJA,2007-06-17,POINT(-28.12694443 -49.47972221),1790.38
3109303,A544,BURITIS,2007-06-19,POINT(-15.52416666 -46.43555555),894
3116159,A548,CHAPADA GAUCHA,2007-06-22,POINT(-15.30027777 -45.61749999),873.2
3510807,A738,CASA BRANCA,2007-06-25,POINT(-21.78055554 -47.07527777),734.15
3142700,A526,MONTALVANIA,2007-06-26,POINT(-14.40833333 -44.40416666),519.52
3130051,A547,SAO ROMAO,2007-06-30,POINT(-16.36277777 -45.12388888),490.29
3151206,A545,PIRAPORA,2007-07-04,POINT(-17.258064 -44.835556),505.32
3136306,A553,JOAO PINHEIRO,2007-07-07,POINT(-17.78444444 -46.11944443),877.05
2606002,A322,GARANHUNS,2007-07-08,POINT(-8.91083333 -36.49333333),827.78
2311405,A325,QUIXERAMOBIM,2007-07-09,POINT(-5.17444443 -39.28944444),221.04
1100809,A925,PORTO VELHO,2007-07-11,POINT(-8.7936111 -63.84583333),86.7
3128600,A546,GUARDA-MOR,2007-07-11,POINT(-17.56138888 -47.19916666),997.01
2706307,A327,PALMEIRA DOS INDIOS,2007-07-11,POINT(-9.42027777 -36.62027777),278.01
4318309,A832,SAO GABRIEL,2007-07-11,POINT(-30.34138888 -54.31083333),114.89
2313302,A324,TAUA,2007-07-12,POINT(-6.01749999 -40.28138888),410.87
5201702,A013,ARAGARCAS,2007-07-13,POINT(-15.90277777 -52.24527777),327.35
2706406,A323,PAO DE ACUCAR,2007-07-14,POINT(-9.74916666 -37.43083332),20.83
2209302,A326,BOM JESUS DO PIAUI,2007-07-17,POINT(-9.07999999 -44.32777777),288
5101852,A916,QUERENCIA,2007-07-18,POINT(-12.60305555 -52.1625),355
5208905,A014,GOIAS,2007-07-18,POINT(-15.93972221 -50.14138888),512.86
4318002,A830,SAO BORJA,2007-07-21,POINT(-28.65 -56.01638888),79
2514602,A321,PATOS,2007-07-21,POINT(-7.07972221 -37.27277777),263.66
2507507,A320,JOAO PESSOA,2007-07-21,POINT(-7.14083333 -34.85083333),43
4318903,A852,SAO LUIZ GONZAGA,2007-07-25,POINT(-28.41722221 -54.9625),245.5
3139607,A540,MANTENA,2007-08-01,POINT(-18.78055554 -40.98638888),254.91
3101102,A534,AIMORES,2007-08-05,POINT(-19.53277777 -41.09083333),301
3204609,A613,SANTA TERESA,2007-08-09,POINT(-19.98833333 -40.57944443),975.92
3555802,A733,JALES,2007-08-22,POINT(-20.165 -50.59499999),460.44
2509701,A334,MONTEIRO,2007-08-22,POINT(-7.89444444 -37.12472221),606.39
2308708,A332,MORADA NOVA,2007-08-24,POINT(-5.0911111 -38.36472222),93
2210003,A331,SAO JOAO DO PIAUI,2007-08-26,POINT(-8.36444444 -42.2525),231
3506201,A734,VALPARAISO,2007-08-30,POINT(-21.31916666 -50.93027777),381.9
3112307,A541,CAPELINHA,2007-08-31,POINT(-17.70555555 -42.38916666),932.06
2207801,A330,PAULISTANA,2007-08-31,POINT(-8.13222221 -41.14305555),376
2208403,A335,PIRIPIRI,2007-08-31,POINT(-4.2761111 -41.79444444),157.89
3539608,A735,JOSE BONIFACIO,2007-09-03,POINT(-21.08555555 -49.92027777),408.35
2603009,A329,CABROBO,2007-09-04,POINT(-8.50388888 -39.31527777),342.74
3133303,A550,ITAOBIM,2007-09-05,POINT(-16.57555554 -41.48555555),271.63
3101003,A549,AGUAS VERMELHAS,2007-09-09,POINT(-15.75166666 -41.45777777),754.07
3157005,A552,SALINAS,2007-09-14,POINT(-16.16027777 -42.31027777),487.14
4209003,A841,JOACABA,2007-09-20,POINT(-27.16916666 -51.55888888),767.63
5217401,A033,PIRES DO RIO,2007-10-12,POINT(-17.30416666 -48.28416666),757.27
1508001,A213,TOME ACU,2007-10-14,POINT(-2.59249999 -48.36055555),42.95
4315305,A831,QUARAI,2007-10-17,POINT(-30.3686111 -56.43722221),103
1505502,A212,PARAGOMINAS,2007-10-18,POINT(-2.90055555 -47.49499999),88
2107258,A204,BALSAS,2007-10-26,POINT(-7.45555555 -46.02749999),271.03
3542305,A740,SAO LUIZ DO PARAITINGA,2007-11-01,POINT(-23.22833332 -45.41694443),874
5211503,A035,ITUMBIARA,2007-11-01,POINT(-18.40972222 -49.19194444),491.17
3522604,A739,ITAPIRA,2007-11-05,POINT(-22.415 -46.80527777),634.89
2509156,A333,SAO GONCALO,2007-11-06,POINT(-6.83583333 -38.31166666),237.04
4119806,A855,PLANALTO,2007-11-07,POINT(-25.72194443 -53.74805555),399.1
2928109,A416,CORRENTINA,2007-11-09,POINT(-13.33249999 -44.61749999),551.71
3519600,A737,IBITINGA,2007-11-09,POINT(-21.85555555 -48.79972221),496.75
2202505,A337,CARACOL,2007-11-10,POINT(-9.28583333 -43.32444443),515.3
2307007,A339,JAGUARUANA,2007-11-10,POINT(-4.83777777 -37.69972221),12
3132107,A539,MOCAMBINHO,2007-11-11,POINT(-15.08583333 -44.01611111),454
3535101,A736,ARIRANHA,2007-11-13,POINT(-21.13305554 -48.84055555),525.44
3124302,A543,ESPINOSA,2007-11-14,POINT(-14.91222222 -42.80861111),565.36
2401008,A340,APODI,2007-11-14,POINT(-5.62666666 -37.815),131.41
3155603,A551,RIO PARDO DE MINAS,2007-11-17,POINT(-15.72305554 -42.43583333),850.06
2200459,A336,ALVORADA DO GURGUEIA,2007-11-17,POINT(-8.37638888 -43.85944444),225
2613107,A341,CARUARU,2007-11-21,POINT(-8.35611111 -36.02833332),837
5218102,A026,MINEIROS,2007-11-24,POINT(-17.45472222 -52.60111111),862
2102804,A205,CAROLINA,2007-12-04,POINT(-7.33722221 -47.45972222),182.88
4321329,A854,FREDERICO WESTPHALEN,2007-12-14,POINT(-27.39555555 -53.42944443),489.42
5206206,A036,CRISTALINA,2007-12-14,POINT(-16.78499999 -47.61305555),1211.08
5107750,A936,SALTO DO CEU,2008-01-24,POINT(-15.12472221 -58.12722221),300.83
5104203,A932,GUIRATINGA,2008-01-24,POINT(-16.34166666 -53.76611111),525.43
5100607,A934,ALTO TAQUARI,2008-01-29,POINT(-17.8411111 -53.28944444),862.42
5106752,A937,PONTES E LACERDA,2008-01-30,POINT(-15.32527777 -59.2336111),272.53
5215504,A034,CATALAO,2008-01-31,POINT(-18.15472222 -47.92749999),900.72
1505650,A211,PLACAS,2008-02-14,POINT(-3.86416666 -54.21638888),100.45
4108304,A846,FOZ DO IGUACU,2008-02-15,POINT(-25.60194444 -54.48305554),235.09
1501006,A231,ITAITUBA,2008-02-17,POINT(-4.27694443 -55.99305555),24.46
1501725,A209,MEDICILANDIA,2008-02-17,POINT(-3.51083333 -52.96333333),251.68
4313706,A856,PALMEIRA DAS MISSOES,2008-02-26,POINT(-27.92027777 -53.31805554),614.11
2210607,A345,SAO RAIMUNDO NONATO,2008-02-27,POINT(-9.03305554 -42.70111111),385
2104057,A224,ESTREITO,2008-02-27,POINT(-6.65333333 -47.41833332),182.96
1505486,A210,PACAJA,2008-02-27,POINT(-3.8436111 -50.63805555),89.02
2503100,A348,CABACEIRAS,2008-02-28,POINT(-7.48333333 -36.28638888),391.96
4204806,A860,CURITIBANOS,2008-02-28,POINT(-27.2886111 -50.60416666),978.1
4112306,A871,JAPIRA,2008-02-29,POINT(-23.77333332 -50.18055554),692.88
5101902,A927,BRASNORTE (NOVO MUNDO),2008-02-29,POINT(-12.52194443 -58.23138888),426.2
4320800,A837,SOLEDADE,2008-03-01,POINT(-28.85916666 -52.54249999),660.44
2103752,A225,IMPERATRIZ,2008-03-01,POINT(-5.55583333 -47.45972222),117.96
1508100,A229,TUCURUI,2008-03-01,POINT(-3.82277777 -49.67499999),137.94
4201802,A863,ITUPORANGA,2008-03-04,POINT(-27.41833332 -49.64694444),479.79
4118303,A850,PARANAPOEMA,2008-03-04,POINT(-22.65833333 -52.13444444),308.7
4107108,A849,DIAMANTE DO NORTE,2008-03-06,POINT(-22.63944444 -52.89027777),368.22
2101608,A221,BARRA DO CORDA,2008-03-06,POINT(-5.50666666 -45.23694444),154.19
2200806,A346,URUCUI,2008-03-06,POINT(-7.44138888 -44.34499999),398.83
2311959,A347,CAMPOS SALES,2008-03-07,POINT(-7.07777777 -40.36277777),577.95
4305439,A899,SANTA VITORIA DO PALMAR - BARRA DO CHUI,2008-03-08,POINT(-33.74222221 -53.37222221),7.41
5002902,A742,CASSILANDIA,2008-03-08,POINT(-19.12249999 -51.72083332),494.72
2614501,A328,SURUBIM,2008-03-09,POINT(-7.84249999 -35.79027777),421.44
4310330,A834,TRAMANDAI,2008-03-09,POINT(-30.01027777 -50.13583333),4.56
4214508,A861,RIO DO CAMPO,2008-03-10,POINT(-26.93749999 -50.14555555),591.67
4321352,A878,TAVARES - FAROL DE MOSTARDAS,2008-03-11,POINT(-31.24833333 -50.90638888),3.82
1501709,A226,BRAGANCA,2008-03-11,POINT(-1.05583333 -46.78277777),5.6
4105607,A869,CIDADE GAUCHA,2008-03-11,POINT(-23.35916666 -52.93194443),365.79
4217204,A857,SAO MIGUEL DO OESTE,2008-03-12,POINT(-26.78638888 -53.51416666),647
4116208,A873,MORRETES,2008-03-13,POINT(-25.50888888 -48.80861111),50.31
4219507,A858,XANXERE,2008-03-15,POINT(-26.9386111 -52.39805555),878.74
4203006,A859,CACADOR,2008-03-19,POINT(-26.81916666 -50.98555555),944.26
4215000,A862,RIO NEGRINHO,2008-03-22,POINT(-26.2486111 -49.57416666),856
2926004,A423,REMANSO,2008-03-26,POINT(-9.62555554 -42.07722221),397.4
2930105,A428,SENHOR DO BONFIM,2008-03-27,POINT(-10.44305555 -40.14833333),532.09
5220058,A027,PARAUNA,2008-03-29,POINT(-16.9625 -50.42555554),678.74
2910701,A442,EUCLIDES DA CUNHA,2008-03-31,POINT(-10.53722221 -38.99666666),431.96
2914604,A424,IRECE,2008-03-31,POINT(-11.32888888 -41.86444444),768.42
2805505,A419,POCO VERDE,2008-04-03,POINT(-10.73805555 -38.10833333),367.01
2919306,A425,LENCOIS,2008-04-05,POINT(-12.55777777 -41.38888888),438.09
2908606,A431,CONDE,2008-04-07,POINT(-12.03583333 -37.68388888),31.9
5102793,A926,CARLINDA,2008-04-09,POINT(-9.97055554 -55.82749999),293.71
1301852,A119,MANACAPURU,2008-04-10,POINT(-3.29472221 -60.62833332),36.57
1303403,A123,PARINTINS,2008-04-11,POINT(-2.63916666 -56.75611111),18.72
4216503,A815,SAO JOAQUIM,2008-04-12,POINT(-28.27555554 -49.93472221),1400.06
1301308,A117,COARI,2008-04-12,POINT(-4.09749999 -63.14527777),33.84
5101837,A929,NOVA UBIRATA,2008-04-13,POINT(-13.41111111 -54.75222222),466.48
5108907,A928,NOVA MARINGA,2008-04-16,POINT(-13.0386111 -57.09222221),334.36
1300300,A120,AUTAZES,2008-04-17,POINT(-3.58333333 -59.12944443),19.9
1500131,A214,RONDON DO PARA,2008-04-17,POINT(-4.82749999 -48.1736111),203
1301902,A121,ITACOATIARA,2008-04-17,POINT(-3.13333333 -58.48277777),41.54
1304401,A124,URUCARA,2008-04-17,POINT(-2.53472221 -57.75805555),18.49
1303569,A126,PRESIDENTE FIGUEIREDO,2008-04-19,POINT(-2.05666666 -60.02583332),60.99
1300409,A128,BARCELOS,2008-04-19,POINT(-0.98722221 -62.92416666),29.88
3540903,A747,PRADOPOLIS,2008-04-22,POINT(-21.33833333 -48.11388888),544
1300680,A122,MAUES,2008-04-22,POINT(-3.39888888 -57.67388888),25.49
3505302,A741,BARRA BONITA,2008-04-24,POINT(-22.4711111 -48.5575),533.68
2911709,A426,GUANAMBI,2008-04-24,POINT(-14.20805555 -42.74972221),552.23
1301704,A112,HUMAITA,2008-04-25,POINT(-7.5525 -63.07138888),53.56
4322509,A880,VACARIA,2008-04-26,POINT(-28.51361111 -50.88277777),969.89
2700300,A353,ARAPIRACA,2008-04-27,POINT(-9.80444444 -36.61916666),236.84
1506302,A227,SOURE,2008-04-27,POINT(-0.72777777 -48.51583333),12.54
1703867,A039,FORMOSO DO ARAGUAIA,2008-04-27,POINT(-11.88749999 -49.60833333),215.2
2913200,A439,IBOTIRAMA,2008-04-28,POINT(-12.19305555 -43.21333333),425.12
2904605,A433,BRUMADO,2008-04-28,POINT(-14.18194443 -41.67222221),473.37
4108502,A875,GENERAL CARNEIRO,2008-04-30,POINT(-26.3986111 -51.35361111),1009.01
2917508,A440,JACOBINA,2008-05-01,POINT(-11.205 -40.465),440.78
2924306,A430,PIATA,2008-05-03,POINT(-13.15555555 -41.77416666),1283.95
2509305,A352,CAMARATUBA,2008-05-04,POINT(-6.56194444 -35.13527777),135.51
2414407,A344,CALCANHAR,2008-05-08,POINT(-5.16 -35.48749999),9.82
2930501,A441,SERRINHA,2008-05-09,POINT(-11.66472222 -39.02305554),337.79
2902708,A429,BARRA,2008-05-12,POINT(-11.08472221 -43.13888888),407.5
4105706,A876,CLEVELANDIA,2008-05-15,POINT(-26.41722221 -52.3486111),966.06
2904753,A432,BURITIRAMA,2008-05-15,POINT(-10.72305554 -43.65111111),506.06
2925808,A436,QUEIMADAS,2008-05-23,POINT(-10.98472221 -39.61694443),310.11
5004601,A752,ITAQUIRAI,2008-05-28,POINT(-23.44944444 -54.18194443),337.82
4219002,A814,URUSSANGA,2008-05-29,POINT(-28.53249999 -49.31527777),40.56
5107792,A931,SANTO ANTONIO DO LESTE,2008-05-30,POINT(-14.92499999 -53.88444444),662
5106851,A935,PORTO ESTRELA,2008-05-30,POINT(-15.32472221 -57.22583332),147.75
1506708,A233,SANTANA DO ARAGUAIA,2008-05-30,POINT(-9.34055555 -50.35027777),154
4205001,A848,DIONISIO CERQUEIRA,2008-05-31,POINT(-26.286562 -53.633114),807.54
4209409,A866,Laguna  - Farol de Santa Marta,2008-06-01,POINT(-28.60444444 -48.81333333),34.36
2100501,A223,ALTO PARNAIBA,2008-06-03,POINT(-9.10833333 -45.93194443),283.69
2103505,A222,COLINAS,2008-06-03,POINT(-6.03305554 -44.23333333),175.37
5007703,A751,SETE QUEDAS,2008-06-03,POINT(-23.96694443 -55.02416666),398.4
5103858,A930,GAUCHA DO NORTE,2008-06-04,POINT(-13.18472221 -53.2575),375.87
3129806,A555,IBIRITE (ROLA MOCA),2008-06-06,POINT(-20.03138888 -44.01111111),1198.82
2112407,A219,TURIACU,2008-06-10,POINT(-1.66111111 -45.37249999),35.86
5001243,A750,AMAMBAI,2008-06-11,POINT(-23.0025 -55.32944443),433.59
3305000,A620,CAMPOS DOS GOYTACAZES - SAO TOME,2008-06-13,POINT(-22.04166666 -41.05166666),7
1506203,A215,SALINOPOLIS,2008-06-14,POINT(-0.61888888 -47.35666666),23.18
5005152,A749,JUTI,2008-06-16,POINT(-22.85722222 -54.60555555),375.18
3204302,A622,PRESIDENTE KENNEDY,2008-06-18,POINT(-21.10083333 -41.03944444),69.12
1502103,A236,CAMETA,2008-06-20,POINT(-2.23972221 -49.49972221),9.92
2913457,A438,MARAU,2008-06-22,POINT(-13.90694444 -38.97222221),6.24
2932507,A437,UNA,2008-06-25,POINT(-15.28027777 -39.09138888),74.08
5007208,A743,RIO BRILHANTE,2008-06-26,POINT(-21.77499999 -54.52805554),324.31
1303569,A125,RIO URUBU,2008-06-26,POINT(-2.6336111 -59.60055555),112.84
3126000,A535,FLORESTAL,2008-06-27,POINT(-19.88527777 -44.41694443),753.5
3505401,A746,BARRA DO TURVO,2008-07-03,POINT(-24.96277777 -48.41638888),659.89
2101202,A220,BACABAL,2008-07-09,POINT(-4.24305555 -44.79499999),22.33
2613909,A350,SERRA TALHADA,2008-07-09,POINT(-7.95416666 -38.29499999),499.02
2927705,A427,PORTO SEGURO,2008-07-10,POINT(-16.38888888 -39.18249999),86.36
2901007,A434,AMARGOSA,2008-07-11,POINT(-13.00944444 -39.61694443),397.8
1200807,A104,RIO BRANCO,2008-07-11,POINT(-9.95916666 -67.86888888),163
2103000,A237,CAXIAS,2008-07-13,POINT(-4.82138888 -43.3436111),84.85
1300706,A110,BOCA DO ACRE,2008-07-15,POINT(-8.77666666 -67.33249999),111.98
2932457,A443,DELFINO,2008-07-15,POINT(-10.455 -41.20694444),646.24
2800704,A421,BREJO GRANDE,2008-07-17,POINT(-10.47388888 -36.48194443),6.11
3524105,A753,ITUVERAVA,2008-07-17,POINT(-20.35972222 -47.77527777),610.58
1100023,A940,ARIQUEMES,2008-07-18,POINT(-9.94888888 -62.96194444),128.44
1508084,A234,TUCUMA,2008-07-18,POINT(-6.74333333 -51.14194444),320.93
1303304,A113,APUI,2008-07-19,POINT(-7.20555555 -59.8886111),156.97
1100049,A939,CACOAL,2008-07-20,POINT(-11.44583333 -61.43416666),183.53
2900801,A422,ABROLHOS,2008-07-21,POINT(-17.96305555 -38.70333333),20.93
2207009,A354,OEIRAS,2008-07-22,POINT(-6.97416666 -42.14694444),154.03
1508100,A235,NOVO REPARTIMENTO,2008-07-23,POINT(-4.24388888 -49.93944444),100.76
1300904,A111,LABREA,2008-07-27,POINT(-7.26055555 -64.7886111),61.91
1200344,A102,PARQUE ESTADUAL CHANDLESS,2008-08-05,POINT(-9.35833333 -69.92638888),184.51
5104609,A933,ITIQUIRA,2008-08-14,POINT(-17.17499999 -54.50166666),593.12
4304408,A879,CANELA,2008-08-23,POINT(-29.36888888 -50.82722221),830.93
1100064,A938,VILHENA,2008-08-26,POINT(-12.73499999 -60.15777777),583.3
1707009,A038,DIANOPOLIS,2008-08-30,POINT(-11.59444444 -46.84722221),727.87
1502152,A230,SERRA DOS CARAJAS,2008-09-03,POINT(-6.07749999 -50.14222221),707
2610004,A357,PALMARES,2008-09-04,POINT(-8.66666666 -35.56805554),164.01
1502707,A241,CONCEICAO DO ARAGUAIA,2008-09-04,POINT(-8.30361111 -49.28277777),175.74
2306405,A359,ITAPIPOCA,2008-09-05,POINT(-3.48416666 -39.5886111),104.49
2702306,A355,CORURIPE,2008-09-06,POINT(-10.1286111 -36.28638888),82.39
2706505,A356,SAO LUIS DO QUITUNDE,2008-09-08,POINT(-9.28749999 -35.56583333),13.69
2306900,A358,JAGUARIBE,2008-09-10,POINT(-5.90555555 -38.62777777),149.31
2104800,A207,GRAJAU,2008-09-10,POINT(-5.81611111 -46.16222222),232.29
2102325,A238,BURITICUPU,2008-09-11,POINT(-4.32055554 -46.44944444),174.91
1600501,A242,OIAPOQUE,2008-09-11,POINT(3.81361111 -51.8625),15.14
2607406,A351,FLORESTA,2008-09-15,POINT(-8.59888888 -38.58416666),327.42
2103208,A206,CHAPADINHA,2008-09-17,POINT(-3.74277777 -43.35222222),104
1600238,A244,PORTO GRANDE,2008-09-17,POINT(0.69416666 -51.40388888),84.8
4216909,A816,NOVO HORIZONTE,2008-09-20,POINT(-26.40638888 -52.85027777),943.57
4201406,A867,ARARANGUA,2008-09-28,POINT(-28.931353 -49.49792),2
5007901,A754,SIDROLANDIA,2008-09-29,POINT(-20.98166666 -54.97194443),471.43
2606606,A349,IBIMIRIM,2008-10-14,POINT(-8.50944444 -37.71166666),434.23
2108058,A218,PREGUICAS,2008-11-22,POINT(-2.59222221 -42.7075),4.62
2105005,A217,FAROL de SANTANA,2008-11-28,POINT(-2.27083332 -43.62416666),9.87
2304103,A342,CRATEUS,2008-12-11,POINT(-5.18666666 -40.67222221),298.19
2210938,A343,PICOS,2008-12-12,POINT(-7.0711111 -41.40416666),232.91
4317400,A833,SANTIAGO,2009-02-04,POINT(-29.19166666 -54.88555555),390.03
4210308,A864,MAJOR VIEIRA,2009-02-09,POINT(-26.3936111 -50.36333333),799.58
1702208,A044,ARAGUATINS,2009-03-12,POINT(-5.6436111 -48.11194444),130.71
2211308,A363,VALENCA DO PIAUI,2009-04-18,POINT(-6.4236111 -41.74888888),372
2202604,A361,CASTELO DO PIAUI,2009-04-20,POINT(-5.34916666 -41.51222222),268.75
2300200,A360,ACARAU,2009-04-22,POINT(-3.1211111 -40.08722221),67.15
2209757,A364,GILBUES,2009-05-16,POINT(-9.87527777 -45.34583333),425.1
1507508,A240,MARABA,2009-06-25,POINT(-5.36638888 -49.05111111),116.58
2916401,A446,ITAPETINGA,2009-06-25,POINT(-15.24472221 -40.22944443),271.48
2932903,A444,VALENCA,2009-06-29,POINT(-13.3436111 -39.12666666),93.12
2913903,A445,IPIAU,2009-06-30,POINT(-14.17138888 -39.69249999),132.11
2927705,A447,BELMONTE,2009-07-02,POINT(-16.08805555 -39.21527777),89.67
1200302,A138,FEIJO,2009-09-24,POINT(-8.14277777 -70.3436111),157.17
1200252,A140,EPITACIOLANDIA,2009-09-25,POINT(-11.02388888 -68.73527777),224.5
1200351,A137,MARECHAL THAUMATURGO,2009-10-27,POINT(-8.95 -72.78666666),220.98
1200393,A136,PORTO WALTER,2009-10-29,POINT(-8.26722221 -72.74777777),205.35
4306601,A881,DOM PEDRITO,2010-04-23,POINT(-31.0025 -54.61805554),150
2207355,A365,CANTO DO BURITI,2010-06-12,POINT(-8.11805554 -42.97583332),312.07
3505500,A748,BARRETOS,2010-06-19,POINT(-20.55916666 -48.54499999),534.36
4208203,A868,ITAJAI,2010-06-24,POINT(-26.95083333 -48.76194444),9.76
2609907,A366,OURICURI,2010-08-11,POINT(-7.88583333 -40.10277777),457.85
5008305,A756,AGUA CLARA,2010-08-14,POINT(-20.44444444 -52.87583332),323.63
2411205,A367,SANTA CRUZ,2010-08-17,POINT(-6.22805554 -36.02666666),227.49
1400100,A135,BOA VISTA,2010-08-26,POINT(2.81694443 -60.69083333),82.35
3303401,A624,NOVA FRIBURGO - SALINAS,2010-09-18,POINT(-22.33472221 -42.67694443),1070
3139409,A556,MANHUACU,2010-09-25,POINT(-20.26333333 -42.18277777),819.47
1503606,A246,MINA DO PALITO,2010-09-28,POINT(-6.31999999 -55.78777777),259.88
5220603,A037,SILVANIA,2010-10-08,POINT(-16.67972221 -48.61805554),952
3505708,A755,BARUERI,2011-03-29,POINT(-23.52388888 -46.86944443),776.5
4128534,A872,VENTANIA,2011-04-15,POINT(-24.28027777 -50.21027777),1093.41
4125605,A874,SAO MATEUS DO SUL,2011-04-17,POINT(-25.83555555 -50.36888888),780.21
1506559,A248,CAPITAO POCO,2011-04-18,POINT(-1.73472221 -47.0575),79.1
5004106,A758,JARDIM,2011-08-04,POINT(-21.4786111 -56.13777777),252.47
1303809,A134,S. G. DA CACHOEIRA,2011-08-31,POINT(-0.12527777 -67.06111111),79.67
5100300,A909,ALTO ARAGUAIA,2011-09-22,POINT(-17.33944444 -53.22444443),753.28
3200102,A657,AFONSO CLAUDIO,2011-09-24,POINT(-20.10416666 -41.10694444),507.48
1302702,A133,MANICORE,2011-12-12,POINT(-5.7886111 -61.28833333),40.64
1502855,A232,OBIDOS,2012-07-05,POINT(-1.88083332 -55.51972221),89.64
1506005,A239,MONTE ALEGRE,2012-07-06,POINT(-2 -54.07638888),100.53
1301407,A109,EIRUNEPE,2012-08-31,POINT(-6.65027777 -69.8686111),121.54
4321451,A882,TEUTONIA,2012-10-04,POINT(-29.44916666 -51.82333332),81
3119609,A557,CORONEL PACHECO,2012-10-17,POINT(-21.54666666 -43.26111111),411.14
1712702,A040,MATEIROS,2012-10-25,POINT(-10.43444444 -45.92194443),791
1703842,A043,CAMPOS LINDOS,2012-10-29,POINT(-8.15472222 -46.63944444),426.56
1712504,A041,MARIANOPOLIS DO TO,2012-11-24,POINT(-9.57638888 -49.72333332),186.69
5007935,A761,SONORA,2012-11-30,POINT(-17.63527777 -54.76055555),495.25
5003256,A760,COSTA RICA,2012-12-04,POINT(-18.49277777 -53.17138888),727.34
4310009,A883,IBIRUBA,2012-12-13,POINT(-28.65333333 -53.11194444),455.27
5001904,A759,BATAGUASSU,2013-03-21,POINT(-21.75 -52.47138888),392.13
5210208,A028,IPORA,2013-06-24,POINT(-16.42305554 -51.14888888),610.41
4303905,A884,CAMPO BOM,2013-11-29,POINT(-29.67416666 -51.06416666),23.35
1600600,A249,MACAPA,2013-12-12,POINT(0.03499999 -51.08888888),16.62
4204558,A865,LAGES,2014-11-06,POINT(-27.80222222 -50.33555555),952.7
1200203,A108,CRUZEIRO DO SUL,2015-05-14,POINT(-7.61055555 -72.6811111),220
2918100,A450,JEREMOABO,2015-08-13,POINT(-10.08083332 -38.34583333),261
1718907,A052,SANTA ROSA DO TOCANTINS,2015-08-14,POINT(-11.42888888 -48.18499999),306
3164704,A561,SAO SEBASTIAO DO PARAISO,2015-08-17,POINT(-20.91 -47.11416666),845
1702000,A054,ARAGUACU,2015-08-19,POINT(-12.59222221 -49.5286111),231
2909901,A448,CURACA,2015-08-20,POINT(-9.00138888 -39.9125),370
3152006,A560,POMPEU,2015-08-21,POINT(-19.23249999 -44.96416666),705
3305604,A659,SILVA JARDIM,2015-08-28,POINT(-22.64583333 -42.41555555),19
3305505,A667,SAQUAREMA - SAMPAIO CORREIA,2015-09-02,POINT(-22.8711111 -42.60888888),26
1504752,A250,SANTAREM,2015-09-02,POINT(-2.5025 -54.72027777),137
1700400,A053,ALMAS,2016-04-01,POINT(-11.28416666 -47.21222222),503
4320404,A894,SERAFINA CORREA,2016-04-01,POINT(-28.70472222 -51.87083332),485.29
4319802,A889,SAO VICENTE DO SUL,2016-04-06,POINT(-29.70222222 -54.69444444),134
1706100,A051,PIUM,2016-04-06,POINT(-10.47694443 -49.62944443),161
2915601,A455,ITAMARAJU,2016-05-28,POINT(-17.00694444 -39.55805555),110
4214300,A870,RANCHO QUEIMADO,2016-05-31,POINT(-27.6786111 -49.04194444),881
4105805,B806,COLOMBO,2016-06-01,POINT(-25.322464 -49.157733),950
2911105,A452,FORMOSA DO RIO PRETO,2016-06-02,POINT(-11.05222222 -45.20083333),488
3303955,A626,RIO CLARO,2016-06-03,POINT(-22.653579 -44.040916),516
3300951,A625,TRES RIOS,2016-06-08,POINT(-22.09833333 -43.20833333),295
3153608,A569,SETE LAGOAS,2016-06-10,POINT(-19.45527777 -44.17333332),719
3149150,A559,JANUARIA,2016-06-23,POINT(-15.44805555 -44.36638888),468
1713957,A048,SANTA FE DO ARAGUAIA,2016-07-30,POINT(-7.12416666 -48.78138888),171
1712405,A050,RIO SONO,2016-08-03,POINT(-9.793363 -47.132732),291
4103909,B803,CAMPINA DA LAGOA,2016-08-04,POINT(-24.57083332 -52.80027777),598
4113304,B804,LARANJEIRAS DO SUL,2016-08-07,POINT(-25.37138888 -52.40083333),889
4322202,A886,TUPANCIRETA,2016-08-11,POINT(-29.08944444 -53.82666666),462
1506161,A247,XINGUARA,2016-09-11,POINT(-7.11055555 -49.9261111),245
3506102,A764,BEBEDOURO,2016-10-27,POINT(-20.94805555 -48.47138888),542
3555109,A762,DRACENA,2016-11-03,POINT(-21.45777777 -51.55222222),383
1705508,A049,COLINAS DO TOCANTINS,2016-11-11,POINT(-8.09277777 -48.4786111),200
1508084,A216,SAO FELIX DO XINGU,2016-11-15,POINT(-6.63972221 -51.95694444),211
1711902,A055,LAGOA DA CONFUSAO,2016-11-15,POINT(-10.828286 -49.847882),178
3145059,A563,NOVA PORTEIRINHA (JANAUBA),2016-11-19,POINT(-15.80277777 -43.29694444),532
3105103,A565,BAMBUI,2016-11-23,POINT(-20.0311111 -46.00888888),697
4303608,A897,CAMBARA DO SUL,2016-11-24,POINT(-29.04916666 -50.14972221),1017
3518701,A765,BERTIOGA,2017-02-01,POINT(-23.84472221 -46.14333333),5
3542602,A766,REGISTRO,2017-02-09,POINT(-24.53305554 -47.86416666),35
3205069,A633,VENDA NOVA DO IMIGRANTE,2017-02-10,POINT(-20.38555555 -41.18999999),722
3205200,A634,VILA VELHA,2017-02-15,POINT(-20.46694443 -40.40388888),25
3202108,A631,ECOPORANGA,2017-03-17,POINT(-18.29138888 -40.73638888),224
3203353,A632,MARILANDIA,2017-03-22,POINT(-19.40722222 -40.53972221),95
2804508,A453,NOSSA SENHORA DA GLORIA,2017-03-24,POINT(-10.20777777 -37.43194443),271
2802908,A451,ITABAIANA,2017-04-24,POINT(-10.67166666 -37.47138888),213
3555000,A768,TUPA,2017-05-12,POINT(-21.92722221 -50.49027777),498
3148004,A562,PATOS DE MINAS,2017-05-12,POINT(-18.52055554 -46.44055555),950
3529005,A763,MARILIA,2017-05-15,POINT(-22.23527777 -49.965),660
3170107,A568,UBERABA,2017-05-19,POINT(-19.71 -47.96194444),778
3103405,A566,ARACUAI,2017-05-19,POINT(-16.84888888 -42.03527777),308
5220207,A031,SAO MIGUEL DO ARAGUAIA,2017-06-29,POINT(-12.82055554 -50.33583333),210
3139003,A567,MACHADO,2017-07-21,POINT(-21.68083332 -45.94444444),969
3304557,A636,RIO DE JANEIRO - JACAREPAGUA,2017-08-10,POINT(-22.93999999 -43.40277777),20
1600303,A251,ITAUBAL,2017-08-24,POINT(0.56777777 -50.8236111),21
3300100,A628,ANGRA DOS REIS,2017-08-25,POINT(-22.97555554 -44.30333333),6
5207402,A029,EDEIA,2017-08-26,POINT(-17.33694444 -49.91472222),608
2612208,A370,SALGUEIRO,2017-09-15,POINT(-8.05805555 -39.0961111),447
2707107,A371,PIRANHAS,2017-09-20,POINT(-9.62222221 -37.76722221),187
3161205,A570,OLIVEIRA,2017-10-19,POINT(-20.715 -44.86444444),1025
3508603,A769,CACHOEIRA PAULISTA,2017-10-20,POINT(-22.68888888 -45.00555555),586
1502806,A228,BREVES,2017-10-20,POINT(-1.68027777 -50.47805554),11
5107875,A911,SAPEZAL,2017-10-20,POINT(-13.30388888 -58.76333333),105
5107008,A923,PRIMAVERA DO LESTE,2017-10-26,POINT(-15.57999999 -54.3811111),680
3122306,A564,DIVINOPOLIS,2017-10-26,POINT(-20.17333332 -44.87499999),796
2507002,A373,ITAPORANGA,2017-11-03,POINT(-7.31833332 -38.14083333),292
2404705,A372,IPANGUACU,2017-11-08,POINT(-5.53499999 -36.87222221),19
3507605,A744,BRAGANCA PAULISTA,2017-12-20,POINT(-22.94916666 -46.5261111),891
5206206,A056,CRISTALINA (FAZENDA SANTA MONICA),2018-01-25,POINT(-16.39944444 -47.62583332),932
1502939,A252,DOM ELISEU,2018-03-08,POINT(-4.28055554 -47.56388888),251
2927408,A456,SALVADOR (RADIO FAROL),2018-03-10,POINT(-12.80833333 -38.49583333),31
3513801,A771,SAO PAULO - INTERLAGOS,2018-03-14,POINT(-23.72444443 -46.67749999),771
2313401,A368,TIANGUA,2018-03-15,POINT(-3.73222221 -41.01194444),756
4306908,A893,ENCRUZILHADA DO SUL,2018-03-15,POINT(-30.54305555 -52.52472221),427.75
3147006,A571,PARACATU,2018-03-16,POINT(-17.24444444 -46.88166666),705
2311306,A369,QUIXADA,2018-03-20,POINT(-4.97888888 -39.05722222),193
2201150,A375,BAIXA GRANDE DO RIBEIRO,2018-03-23,POINT(-8.333531 -45.094625),519
2202901,A374,CORRENTE,2018-03-28,POINT(-10.42916666 -45.17305554),452
3303302,A627,NITEROI,2018-07-13,POINT(-22.86749999 -43.10194444),6
2907905,A458,RIBEIRA DO AMPARO,2018-09-20,POINT(-11.05861111 -38.44416666),182
3301207,A629,CARMO,2018-10-11,POINT(-21.9386111 -42.60083333),293
3304607,A630,SANTA MARIA MADALENA,2018-10-16,POINT(-21.95055555 -42.01027777),586
1501725,A253,ALTAMIRA,2018-10-25,POINT(-3.26999999 -52.39472221),191
2202208,A376,CAMPO MAIOR,2018-11-23,POINT(-4.86416666 -42.14555555),125
4203600,A898,CAMPOS NOVOS,2019-02-15,POINT(-27.3886111 -51.21583333),963
5107354,A942,SAO JOSE DO XINGU,2019-02-19,POINT(-10.48416666 -52.37249999),300
4204202,A895,CHAPECO,2019-02-19,POINT(-27.08527777 -52.63583333),679
5107883,A943,SERRA NOVA DOURADA,2019-03-29,POINT(-11.98777777 -51.4261111),441
5100508,A944,ROSARIO OESTE,2019-05-30,POINT(-14.82888888 -56.44194444),195
3550902,A770,SAO SIMAO,2019-07-03,POINT(-21.46111111 -47.57944443),620
1506138,A254,REDENCAO,2019-07-11,POINT(-8.04333333 -50.00694444),199
4304663,A887,CAPAO DO LEAO (PELOTAS),2019-07-18,POINT(-31.8025 -52.40722222),13
1300144,A144,NOVO ARIPUANA,2019-07-18,POINT(-8.0911111 -60.38055554),45
2100873,A255,ZE DOCA,2019-09-18,POINT(-3.26916666 -45.65111111),45.5
2200608,A377,ANGICAL DO PIAUI,2019-11-14,POINT(-6.08944444 -42.72749999),183
1506583,A256,SANTA MARIA DAS BARREIRAS,2020-12-18,POINT(-8.72972221 -49.85638888),165
1505908,A245,PORTO DE MOZ,2022-04-07,POINT(-1.82194443 -52.11166666),19
3303856,A637,PATY DO ALFERES - AVELAR,2022-11-10,POINT(-22.34722221 -43.41777777),508
4301107,B810,PARQUE ELDORADO,2025-02-18,POINT(-30.09666666 -51.67388888),50
4303103,B808,CACHOEIRINHA,2025-02-18,POINT(-29.95138888 -51.12416666),72
4305355,B812,CHARQUEADAS,2025-05-01,POINT(-29.96555555 -51.62555554),23
4314902,B825,PORTO ALEGRE - BELEM NOVO,2025-05-01,POINT(-30.1861111 -51.17833332),3.3
4320008,B809,SAPUCAIA DO SUL,2025-05-01,POINT(-29.81388888 -51.15666666),23
4319000,B817,CAXIAS DO SUL - CRIUVA,2025-08-01,POINT(-28.87416666 -50.97555554),857
4301602,B827,BAGE - CENTRO,2025-08-01,POINT(-31.30555555 -54.01333333),226.2
4312401,B814,MONTENEGRO,2025-08-01,POINT(-29.75861111 -51.4361111),15
4312252,B813,MINAS DO LEAO,2025-08-01,POINT(-30.12444443 -52.05083333),54
4308201,B818,CAXIAS DO SUL - AEROPORTO,2025-08-14,POINT(-29.1961111 -51.18638888),756
4321303,B815,TAQUARI,2025-08-14,POINT(-29.79166666 -51.82749999),53
4320552,B811,SERTAO SANTANA,2025-08-14,POINT(-30.49416666 -51.66333333),116
4316006,B820,SAO FRANCISCO DE PAULA,2025-08-18,POINT(-29.44222221 -50.56027777),886
4316006,B819,ROLANTE,2025-08-18,POINT(-29.65583333 -50.61805554),69
4316956,B816,SANTA MARIA DO HERVAL,2025-08-21,POINT(-29.47916666 -51.01333333),650
4317301,B829,SANTA VITORIA DO PALMAR (RESERVA DO TAIM),2025-09-17,POINT(-32.83583333 -52.6436111),2
4314506,B823,PINHEIRO MACHADO,2025-09-17,POINT(-31.57472221 -53.38833333),419
4317004,B821,SANTANA DA BOA VISTA,2025-09-17,POINT(-30.85861111 -53.15555555),138
4300034,B828,ACEGUA,2025-09-17,POINT(-31.87472221 -54.11972221),271
4303004,B822,CACHOEIRA DO SUL,2025-09-17,POINT(-30.01833332 -52.93888888),73
4318804,B831,SAO LOURENCO DO SUL,2025-09-17,POINT(-31.34055555 -52.01083333),3
4307104,B826,HERVAL,2025-09-17,POINT(-32.01277777 -53.40305555),331
4305439,B830,SANTA VITORIA DO PALMAR (CENTRO),2025-09-18,POINT(-33.53166666 -53.35027777),29
4304671,B836,PALMARES DO SUL,2025-10-13,POINT(-30.24916666 -50.50916666),4
4316451,B838,SALTO DO JACUI,2025-10-13,POINT(-29.09638888 -53.2125),322
4306106,B833,CRUZ ALTA ( CENTRO),2025-10-13,POINT(-28.62583332 -53.61361111),475
4317608,B839,SANTO ANTONIO DA PATRULHA,2025-10-13,POINT(-29.81611111 -50.53333333),47
4306551,B841,TORRES-AEROPORTO,2025-10-13,POINT(-29.41361111 -49.80361111),0
4315107,B837,PORTO XAVIER,2025-10-13,POINT(-27.90277777 -55.16722221),0
4311155,B835,JOIA,2025-10-13,POINT(-28.65027777 -54.11277777),0
4308656,B834,GARRUCHOS,2025-10-13,POINT(-28.19694444 -55.62972221),0
4304630,B832,CAPAO DA CANOA,2025-10-13,POINT(-29.68527777 -49.99305555),0
4320701,B840,SOBRADINHO,2025-10-31,POINT(-29.39833333 -53.01361111),379
5106653,A945,BARRA DO GARCAS,2025-11-26,POINT(-15.88472221 -52.22722221),304
5106000,A949,DIAMANTINO,2025-11-27,POINT(-14.37777777 -56.37972221),317
5106315,A947,NOVO SANTO ANTONIO,2025-11-28,POINT(-12.28805555 -50.97138888),205
4304705,B842,CARAZINHO,2025-12-01,POINT(-28.32333332 -52.81444444),581
5104542,A950,ITANHANGA,2025-12-01,POINT(-12.23416666 -56.60222222),350
4300208,B843,AJURICABA,2025-12-02,POINT(-28.22083332 -53.6736111),416
5103106,A954,COCALINHO,2025-12-03,POINT(-14.38555555 -51.00972222),252
5105259,A955,LUCAS DO RIO VERDE,2025-12-03,POINT(-13.07499999 -55.91138888),393
5106257,A956,NOVA XAVANTINA,2025-12-03,POINT(-14.69777777 -52.35027777),306
5107941,A952,TABAPORA,2025-12-04,POINT(-11.05055555 -56.83583333),337
5107768,A948,SANTA RITA DO TRIVELATO,2025-12-09,POINT(-13.81805554 -55.26777777),510
4307450,B845,ESPERANCA DO SUL,2025-12-12,POINT(-27.37416666 -53.96916666),409
5108501,A951,FELIZ NATAL,2025-12-12,POINT(-12.39694444 -54.92999999),373
5106190,A946,MARCELANDIA,2025-12-14,POINT(-11.08499999 -54.51388888),291
5103205,A953,NOVA CANAA DO NORTE,2025-12-16,POINT(-10.62444443 -55.72416666),270
4312708,B846,NONOAI,2025-12-17,POINT(-27.35861111 -52.77805554),546
4310553,B849,ITACURUBI,2026-01-21,POINT(-28.69916666 -55.38055554),148
4301875,B848,BARRA DO QUARAI,2026-01-27,POINT(-30.11166666 -57.3361111),91
4310603,B850,ITAQUI,2026-01-28,POINT(-29.15555555 -56.55555555),71
5106232,A967,BARRA DO BUGRES,2026-02-03,POINT(-15.07583332 -57.19472221),186
4306379,B852,DILERMANDO DE AGUIAR,2026-02-04,POINT(-29.72555554 -54.18805555),143
4300406,B847,ALEGRETE (MARONNA),2026-02-04,POINT(-29.82138888 -55.88722221),120
5105622,A961,MIRASSOL D'OESTE,2026-02-05,POINT(-15.64027777 -58.07888888),263
5103403,A958,CHAPADA DOS GUIMARAES,2026-02-06,POINT(-15.46055555 -55.74972221),800
5102702,A957,CANARANA,2026-02-09,POINT(-13.47055554 -52.30444444),430
5000609,A772,AMAMBAI - NOVO HORIZONTE,2026-02-18,POINT(-23.1211111 -54.86555555),
5101407,A964,ARIPUANA,2026-02-23,POINT(-10.18249999 -59.45972222),230
4312609,B859,MUCUM,2026-02-24,POINT(-29.15361111 -51.86527777),197
4304903,B858,CASCA,2026-02-24,POINT(-28.56361111 -51.96916666),602
4315453,B860,RELVADO,2026-02-24,POINT(-29.10444444 -52.05277777),301
4317509,B844,SANTO ANGELO,2026-02-25,POINT(-28.27805554 -54.27388888),270
4318606,B861,SAO JOSE DO OURO,2026-02-26,POINT(-27.77249999 -51.58666666),803
4318622,B857,BOM JESUS - SANTO INACIO,2026-03-03,POINT(-28.51388888 -50.16777777),1132
4302303,B856,BOM JESUS (INMET),2026-03-03,POINT(-28.66944443 -50.44194444),1054
4313656,B862,MOSTARDAS - BACUPARI,2026-03-09,POINT(-30.50611111 -50.41999999),20
4308003,B854,FAXINAL DO SOTURNO,2026-03-11,POINT(-29.58749999 -53.42749999),70
4323002,B824,VIAMAO,2026-03-17,POINT(-30.11527777 -50.92916666),65
4310603,B851,MACAMBARA,2026-04-29,POINT(-29.15527777 -56.1786111),95
4311502,B853,LAVRAS DO SUL,2026-04-30,POINT(-30.7886111 -53.89416666),390
3106200,A521,BELO HORIZONTE - PAMPULHA,2006-10-10,POINT(-19.88388888 -43.96944443),854.02
3106200,F501,BELO HORIZONTE - CERCADINHO,2013-12-27,POINT(-19.97999999 -43.95861111),1199.55
3106200,A572,BELO HORIZONTE - SANTO AGOSTINHO,2025-08-28,POINT(-19.93388888 -43.95222222),915.47
5300108,A001,BRASILIA,2000-05-07,POINT(-15.78944444 -47.92583332),1160.96
5300108,A045,AGUAS EMENDADAS,2008-10-03,POINT(-15.59638888 -47.62583332),1030.36
5300108,A046,GAMA (PONTE ALTA),2014-10-01,POINT(-15.93527777 -48.13749999),990
5300108,A047,PARANOA (COOPA-DF),2017-02-07,POINT(-16.01222222 -47.5575),1043
5300108,A042,BRAZLANDIA,2017-07-19,POINT(-15.6525 -48.20138888),1147
